,pattern,mean,std
171,1.0-rc-I.dev,0.0,0.0
933,v0.1.8,0.0,0.0
346,1.0.0-beta,0.0,0.0
725,0.1.0a-20120508,0.0,0.0
571,1.0-rc1,0.0,0.0
818,0.1.2-a0,0.0,0.0
190,0.0.0a2.post1,0.0,0.0
753,2.1.1.dev-r1327,0.0,0.0
800,1.0-rc.dev,0.0,0.0
919,0.2.0_alpha.23,0.01,0.09949874371066199
506,0.99.2dev-384-2b73caca,0.01,0.09949874371066196
824,1.0-beta1,0.01,0.09949874371066199
879,0.1.0-rc2,0.01,0.09949874371066199
160,5.3rc4.post1,0.01,0.09949874371066195
32,0.0.1rc51.post1,0.01,0.09949874371066195
887,1.0.0-2,0.03,0.1705872210923198
10,1.1.0_dev202111161464816818,0.03,0.1705872210923199
516,12.4.13-0,0.03,0.1705872210923198
293,0.1.20b287.dev0,0.03,0.17058722109231977
1,0.1.21b300.dev2,0.03,0.17058722109231977
658,0.0.2a2.dev1,0.03,0.17058722109231977
342,0.1.23b4671.dev0,0.03,0.17058722109231977
991,0.3dev,0.04,0.19595917942265417
637,0.1.5pre,0.05,0.21794494717703355
292,0.1.1pre,0.05,0.21794494717703355
664,8.5.4alpha2,0.05,0.21794494717703355
172,0.1.9dev,0.06,0.23748684174075815
569,0.0.5dev,0.06,0.23748684174075815
695,1.0.11.alpha,0.07,0.25514701644346166
599,0.1d,0.07,0.2551470164434615
763,3,0.08,0.27129319932501095
775,20201125,0.08,0.27129319932501095
173,20201204,0.08,0.27129319932501095
556,2020.2.post5,0.1,0.29999999999999977
559,3.3.post2,0.1,0.29999999999999977
101,2020.1.post36,0.1,0.29999999999999977
213,5.7.post573,0.1,0.29999999999999977
343,5.6.post562,0.1,0.29999999999999977
18,0.0.11b,0.11,0.3128897569432405
794,0.0.2b,0.11,0.31288975694324056
809,1.1rc195,0.13,0.33630343441600463
496,1.4rc3,0.13,0.33630343441600463
301,0.6rc2,0.13,0.33630343441600463
959,1.0rc137,0.13,0.33630343441600463
332,1.0rc14,0.13,0.33630343441600463
733,0.4rc5,0.13,0.33630343441600463
942,1.2rc91,0.13,0.33630343441600463
328,0.30rc4,0.13,0.33630343441600463
228,1.4rc6,0.13,0.33630343441600463
917,0.5rc2,0.13,0.33630343441600463
673,10.0.1.4.1.99.dev2,0.14,0.34698703145794946
832,8.0.2.0.0.99.dev5,0.14,0.34698703145794946
649,10.0.1.0.1.99.dev13,0.14,0.34698703145794946
72,12.0.1.1.1.99.dev1,0.14,0.34698703145794946
644,8.0.0.5.1.99.dev2,0.14,0.34698703145794946
674,8.0.1.0.1.99.dev11,0.14,0.34698703145794946
891,9.0.1.0.0.99.dev58,0.14,0.34698703145794946
638,8.0.1.1.0.99.dev15,0.14,0.34698703145794946
626,9.0.1.1.0.99.dev17,0.14,0.34698703145794946
896,12.0.1.2.1.99.dev1,0.14,0.34698703145794946
402,8.0.0.3.0.99.dev13,0.14,0.34698703145794946
597,8.0.1.2.0.99.dev18,0.14,0.34698703145794946
806,12.0.2.1.0.99.dev6,0.14,0.34698703145794946
396,8.0.1.0.0.99.dev14,0.14,0.34698703145794946
464,8.0.1.0.0.99.dev53,0.14,0.34698703145794946
188,12.0.3.1.2.99.dev4,0.14,0.34698703145794946
492,9.0.1.0.0.99.dev60,0.14,0.34698703145794946
545,12.0.1.5.1.99.dev7,0.14,0.34698703145794946
129,8.0.1.1.1.99.dev12,0.14,0.34698703145794946
811,10.0.1.0.0.99.dev5,0.14,0.34698703145794946
337,12.0.2.0.0.99.dev5,0.14,0.34698703145794946
744,10.0.1.0.1.99.dev3,0.14,0.34698703145794946
724,9.0.1.0.0.99.dev70,0.14,0.34698703145794946
657,14.0.1.3.3.dev3,0.21,0.4073082370883263
156,13.0.0.3.1.dev7,0.21,0.4073082370883263
973,0.2a41,0.21,0.40730823708832625
694,14.0.1.0.1.dev11,0.21,0.4073082370883263
91,14.0.1.0.2.dev2,0.21,0.4073082370883263
955,13.0.1.0.1.dev9,0.21,0.4073082370883263
35,0.2a18,0.21,0.40730823708832625
185,13.0.1.0.1.dev8,0.21,0.4073082370883263
593,13.0.1.2.2.dev1,0.21,0.4073082370883263
918,0.2a29,0.21,0.40730823708832625
102,14.0.1.0.1.dev26,0.21,0.4073082370883263
916,1.2a16,0.21,0.40730823708832625
561,13.0.1.1.2.dev20,0.21,0.4073082370883263
274,14.0.2.0.1.dev1,0.21,0.4073082370883263
837,1.3a29,0.21,0.40730823708832625
176,0.3a0,0.22,0.41424630354416003
666,0.1b20230120,0.22,0.41424630354416
756,4.2b11,0.22,0.41424630354416
702,2021.1.dev24,0.22,0.4142463035441601
406,2020.8.dev44,0.22,0.4142463035441601
45,0.2a6,0.22,0.41424630354416003
543,0.6a1,0.22,0.41424630354416003
27,0.4a4,0.22,0.41424630354416003
639,2020.4.dev27,0.22,0.4142463035441601
636,0.18a0,0.22,0.41424630354416003
601,0.3a2,0.22,0.41424630354416003
377,2020.6.dev14,0.22,0.4142463035441601
727,0.5.dev1626106715,0.23,0.4208325082500161
164,0.1.dev0,0.23,0.4208325082500161
89,0.12b0,0.23,0.4208325082500163
526,2.0b9,0.23,0.4208325082500163
146,1.0.dev1,0.23,0.4208325082500161
819,4.0.dev1638270219,0.23,0.4208325082500161
131,1.12.dev1683338168,0.23,0.4208325082500161
124,0.1.dev18,0.23,0.4208325082500161
741,1.9.dev1,0.23,0.4208325082500161
336,0.0.dev1,0.23,0.4208325082500161
751,1.10.dev1663805381,0.23,0.4208325082500161
372,0.5.dev0,0.23,0.4208325082500161
553,1.3b1,0.23,0.4208325082500163
296,0.5.dev4,0.23,0.4208325082500161
94,1.5.dev0,0.23,0.4208325082500161
671,0.15b0,0.23,0.4208325082500163
646,0.5.dev3,0.23,0.4208325082500161
629,0.0.dev14,0.23,0.4208325082500161
898,1.10.dev1666072365,0.23,0.4208325082500161
964,0.9b6,0.23,0.4208325082500163
268,0.23.dev2,0.23,0.4208325082500161
6,3.4.dev1614183638,0.23,0.4208325082500161
443,3.6.dev4,0.23,0.4208325082500161
447,0.3.dev5,0.23,0.4208325082500161
575,2.1b3,0.23,0.4208325082500163
57,2.3b0,0.23,0.4208325082500163
971,0.8.dev4,0.23,0.4208325082500161
451,16.0.1.0.2.5,0.25,0.4330127018922193
421,2.0.0rc161,0.25,0.4330127018922193
429,0.0.1.post1555824251,0.25,0.4330127018922193
235,1.10.0rc1812620297,0.25,0.4330127018922193
507,1.2.0rc963103103172,0.25,0.4330127018922193
511,1.10.0rc838581645,0.25,0.4330127018922193
179,2015.2.5rc1,0.25,0.4330127018922193
323,2020.5.19.post2,0.25,0.4330127018922193
540,1.2.0rc976507521685,0.25,0.4330127018922193
186,1.10.0rc1067777996,0.25,0.4330127018922193
198,2021.12.21.post0,0.25,0.4330127018922193
576,1.10.0rc874229514,0.25,0.4330127018922193
580,2022.3.30.post5,0.25,0.4330127018922193
270,1.10.0rc1142973040,0.25,0.4330127018922193
640,16.0.1.0.2.3,0.25,0.4330127018922193
462,1.10.0rc1953672119,0.25,0.4330127018922193
732,1.10.0rc1386961771,0.25,0.4330127018922193
999,15.0.2.0.0.1,0.25,0.4330127018922193
990,1.2.0rc964314074277,0.25,0.4330127018922193
785,1.10.0rc1894129847,0.25,0.4330127018922193
871,1.10.0rc1399806981,0.25,0.4330127018922193
874,2022.1.27.post2,0.25,0.4330127018922193
813,1.10.0rc1447610012,0.25,0.4330127018922193
135,0.10.226.post2,0.25,0.4330127018922193
906,1.10.0rc1683197724,0.25,0.4330127018922193
835,2.0.0rc162,0.25,0.4330127018922193
534,0.0.0rc1,0.26,0.4386342439892261
489,0.1.2.post52,0.26,0.43863424398922596
487,0.3.6rc2,0.26,0.4386342439892261
356,0.1.2.post39,0.26,0.43863424398922596
483,0.0.20.post1,0.26,0.43863424398922596
598,0.8.0rc17,0.26,0.4386342439892261
204,1.16.0.post1,0.26,0.43863424398922596
972,1.8.8rc1,0.26,0.4386342439892261
880,1.0.40rc2,0.26,0.4386342439892261
937,4.3.0rc1,0.26,0.4386342439892261
367,0.1.4.post1,0.26,0.43863424398922596
936,2023.4.28.14.58.43,0.26,0.43863424398922596
827,1.1.0.post2,0.26,0.43863424398922596
197,0.0.1.post16,0.26,0.43863424398922596
257,0.6.5rc2,0.26,0.4386342439892261
915,0.10.4.post1,0.26,0.43863424398922596
311,10.1.3.post1,0.26,0.43863424398922596
531,1.1.0.post1,0.26,0.43863424398922596
870,2.0.0rc15,0.26,0.4386342439892261
869,0.2.2.2020.12.23,0.26,0.43863424398922596
322,0.6.1rc5,0.26,0.4386342439892261
946,0.2.2rc2,0.26,0.4386342439892261
83,3.1.2.post2,0.26,0.43863424398922596
648,0.12.13rc0,0.26,0.4386342439892261
251,0.2.5.2021.5.3,0.26,0.43863424398922596
509,1.25.0rc0,0.26,0.4386342439892261
966,1.3.3rc1,0.26,0.4386342439892261
529,0.1.54.post12,0.26,0.43863424398922596
312,11.0.0rc3,0.26,0.4386342439892261
662,0.0.37rc1,0.26,0.4386342439892261
505,0.13.0rc0,0.26,0.4386342439892261
503,0.2.2.2021.1.4,0.26,0.43863424398922596
668,2.0.0rc34,0.26,0.4386342439892261
844,3.1.1.post1,0.26,0.43863424398922596
843,1.0.0rc15,0.26,0.4386342439892261
14,3.0.1.post3,0.26,0.43863424398922596
855,2.0.0rc58,0.26,0.4386342439892261
826,0.1.56.post57,0.26,0.43863424398922596
938,1.0.3rc1,0.26,0.4386342439892261
423,0.1.19rc0,0.26,0.4386342439892261
140,0.2.5.2021.6.1,0.26,0.43863424398922596
974,8.4.0.post0,0.26,0.43863424398922596
427,1.3.2.post2,0.26,0.43863424398922596
386,1.18.0rc0,0.26,0.4386342439892261
765,0.8.1rc0,0.26,0.4386342439892261
748,0.27.1.post1,0.26,0.43863424398922596
581,0.1.3.post1,0.26,0.43863424398922596
911,0.2.5.2021.3.15,0.26,0.43863424398922596
449,0.0.7.post28,0.26,0.43863424398922596
804,0.17.0rc1,0.26,0.4386342439892261
769,0.34.0rc4,0.26,0.4386342439892261
123,1.1.6.post2,0.26,0.43863424398922596
294,1.0.2021.4.25.1619359700,0.26,0.43863424398922596
137,2.2.14rc2,0.26,0.4386342439892261
574,2023.4.26.15.9.28,0.26,0.43863424398922596
975,0.1.1rc7,0.26,0.4386342439892261
265,0.0.0rc7,0.26,0.4386342439892261
183,0.1.2.post56,0.26,0.43863424398922596
152,0.9.5rc1,0.26,0.4386342439892261
914,2.4.0rc2,0.26,0.4386342439892261
150,2.0.9.post1,0.26,0.43863424398922596
148,0.9.6rc1,0.26,0.4386342439892261
142,0.2.5.2021.4.10,0.26,0.43863424398922596
934,0.2.6.post3,0.26,0.43863424398922596
452,16.0.1.0.4.35,0.26,0.43863424398922596
307,3.12.1.0b0,0.31,0.46249324319388696
527,3.3.2.2.dev1611327400,0.36,0.48
54,3.3.2.1.dev1603669168,0.36,0.48
149,4.5.5.2.dev1661561474,0.36,0.48
327,3.3.2.1.dev1603668607,0.36,0.48
721,4.7.1.9.dev1687799215,0.36,0.48
718,4.6.4.3.dev1669997494,0.36,0.48
23,3.5.2.3.dev1633349975,0.36,0.48
111,3.3.2.2.dev1610392687,0.36,0.48
805,3.3.2.2.dev1611065472,0.36,0.48
302,3.5.2.3.dev1633349953,0.36,0.48
340,3.5.2.3.dev1628689602,0.36,0.48
117,2022.3.22.1647943812.2021556413,0.37,0.48280430818293263
645,2022.4.5.1649199424.2099175379,0.37,0.48280430818293263
249,2022.3.29.1648574864.2059828524,0.37,0.48280430818293263
888,2022.3.21.1647871451.2016475340,0.37,0.48280430818293263
717,2022.5.18.1652917386.2348696498,0.37,0.48280430818293263
116,2022.6.24.1656081252.2556214208,0.37,0.48280430818293263
584,2022.4.13.1649871158.2162713318,0.37,0.48280430818293263
28,2022.8.9.1660078506.2826659007,0.37,0.48280430818293263
51,1.1.116b10,0.37,0.48280430818293263
481,2022.5.11.1652288736.2308502936,0.37,0.48280430818293263
79,2017.12.1b3,0.38,0.4853864439804638
422,0.1.0.181116.3,0.38,0.4853864439804639
867,2017.12.1b0,0.38,0.4853864439804638
267,0.1.3.3.1,0.39,0.48774993593028815
908,0.1.0b1225620,0.39,0.48774993593028815
595,12.0.1.5.3,0.39,0.48774993593028815
778,12.0.1.3.3,0.39,0.48774993593028815
283,0.0.2.6.1,0.39,0.48774993593028815
635,2.4.0b20230608,0.39,0.48774993593028815
430,12.0.1.2.3,0.39,0.48774993593028815
740,2.4.0b20230617,0.39,0.48774993593028815
178,2.4.0b20230524,0.39,0.48774993593028815
982,0.1.1b20230325,0.39,0.48774993593028815
395,2.4.0b20230615,0.39,0.48774993593028815
184,2.3.0b20230323,0.39,0.48774993593028815
825,2.1.0b20220430,0.39,0.48774993593028815
195,12.0.5.1.3,0.39,0.48774993593028815
199,2.3.0b20230416,0.39,0.48774993593028815
444,13.0.1.2.0,0.39,0.48774993593028815
366,13.0.1.1.0,0.39,0.48774993593028815
154,2.1.0b20220906,0.39,0.48774993593028815
700,2.1.0b20220228,0.39,0.48774993593028815
491,10.0.1.1.7,0.39,0.48774993593028815
217,0.0.1.9.4,0.39,0.48774993593028815
335,0.14.0b20220125,0.39,0.48774993593028815
329,2.1.0b20220509,0.39,0.48774993593028815
34,0.2.1.8.04,0.39,0.48774993593028815
868,13.0.1.0.1,0.39,0.48774993593028815
708,0.14.0b20220216,0.39,0.48774993593028815
435,0.14.0b20220223,0.39,0.48774993593028815
419,1.0.1b2,0.4,0.4898979485566356
410,0.19.1a1660828085,0.4,0.4898979485566356
392,1.0.1a1567021648,0.4,0.4898979485566356
927,6.32.0a1658137832,0.4,0.4898979485566356
371,0.11.1a1643299761,0.4,0.4898979485566356
978,2.12.1b2,0.4,0.4898979485566356
551,0.0.1b9,0.4,0.4898979485566356
457,3.5.0a1638257670,0.4,0.4898979485566356
520,0.4.3b11,0.4,0.48989794855663554
477,2.2.7b8,0.4,0.4898979485566356
497,2.6.0a1611855191,0.4,0.4898979485566356
952,0.18.1a1653714139,0.4,0.4898979485566356
46,0.1.7b1,0.4,0.4898979485566356
970,0.19.0b4,0.4,0.4898979485566356
63,3.0.0b23,0.4,0.48989794855663554
852,20.10.2b0,0.4,0.4898979485566356
882,6.31.0a1657285227,0.4,0.4898979485566356
696,2.4.0a1580387686,0.4,0.4898979485566356
902,0.21.3b0,0.4,0.4898979485566356
119,6.19.0a1649785192,0.4,0.4898979485566356
591,0.9.1a1640274882,0.4,0.4898979485566356
810,0.1.1a1633640614,0.4,0.4898979485566356
98,22.9.0b4,0.4,0.4898979485566356
682,0.4.6b2,0.4,0.4898979485566356
851,0.0.1a1592974301,0.4,0.4898979485566356
771,6.55.0a1681317026,0.4,0.4898979485566356
214,6.46.0a1673304792,0.4,0.4898979485566356
719,1.3.8b2,0.4,0.4898979485566356
495,0.8.12a1,0.41,0.4918333050943174
240,0.27.1a1254,0.41,0.4918333050943174
945,0.20.1a587,0.41,0.4918333050943174
621,0.17.0a170,0.41,0.4918333050943174
317,0.22.0a16,0.41,0.4918333050943174
681,0.1.16a6,0.41,0.4918333050943174
22,0.8.28a3,0.41,0.4918333050943174
354,0.25.0a1062,0.41,0.4918333050943174
331,0.28.2a1434,0.41,0.4918333050943174
699,0.9.92a3,0.41,0.4918333050943174
344,0.28.1a1297,0.41,0.4918333050943174
802,0.26.0a1170,0.41,0.4918333050943174
562,0.20.1a413,0.41,0.4918333050943174
260,0.0.30a1,0.41,0.4918333050943174
374,0.28.2a1358,0.41,0.4918333050943174
390,0.12.0a47,0.41,0.4918333050943174
9,0.28.1a1293,0.41,0.4918333050943174
578,0.20.1a423,0.41,0.4918333050943174
610,0.0.12a8,0.41,0.4918333050943174
749,0.0.34a1,0.41,0.4918333050943174
787,1.3.8a2,0.42,0.4935585071701228
221,27.0.0a1,0.42,0.4935585071701228
498,0.5.0a5,0.42,0.4935585071701228
766,0.31.0a3,0.42,0.4935585071701228
58,1.3.2a2,0.42,0.4935585071701228
980,0.1.0a21,0.42,0.4935585071701228
961,0.0.7a14,0.42,0.4935585071701228
494,0.2.0a15,0.42,0.4935585071701228
353,0.4.1a3,0.42,0.4935585071701228
812,1.0.6a2,0.42,0.4935585071701228
458,3.0.0a8,0.42,0.4935585071701228
109,1.2.0a6,0.42,0.4935585071701228
468,0.0.3a13,0.42,0.4935585071701228
467,0.3.1a4,0.42,0.4935585071701228
106,2.1.1a1,0.42,0.4935585071701228
979,0.7.0a6,0.42,0.4935585071701228
713,1.0.7a3,0.42,0.4935585071701228
711,3.0.0a1,0.42,0.4935585071701228
542,1.1.1a0,0.42,0.4935585071701228
884,14.0.0a5,0.42,0.4935585071701228
26,40.0.0a3,0.42,0.4935585071701228
308,0.0.4a5,0.42,0.4935585071701228
623,0.0.4a41,0.42,0.4935585071701228
784,0.0.0a17,0.42,0.4935585071701228
295,0.3.2a2,0.42,0.4935585071701228
579,0.0.5a23,0.42,0.4935585071701228
48,1.1.0a10,0.42,0.4935585071701228
931,1.0.0a18,0.42,0.4935585071701228
550,0.1.0a18,0.42,0.4935585071701228
655,0.0.4a16,0.42,0.4935585071701228
510,46.0.0a1,0.42,0.4935585071701228
566,36.2.0a1,0.42,0.4935585071701228
790,1.20.6.dev17,0.48,0.49959983987187156
773,3.0.11.dev1857827188,0.48,0.49959983987187156
411,0.12.0.dev1,0.48,0.49959983987187156
590,2.0.0.dev5,0.48,0.49959983987187156
453,2.3.2.dev571210381,0.48,0.49959983987187156
412,2.0.6.dev105,0.48,0.49959983987187156
555,1.20.6.dev7,0.48,0.49959983987187156
976,3.0.9.dev1366851255,0.48,0.49959983987187156
418,1.3.3.dev18,0.48,0.49959983987187156
798,0.20.0.dev25,0.48,0.49959983987187156
797,1.20.4.dev14,0.48,0.49959983987187156
570,1.8.1.dev7,0.48,0.49959983987187156
439,0.8.22.dev47,0.48,0.49959983987187156
745,0.6.2.dev6,0.48,0.49959983987187156
912,3.0.0.dev924790252,0.48,0.49959983987187156
920,0.55.0.dev55,0.48,0.49959983987187156
754,1.16.2.dev3,0.48,0.49959983987187156
426,0.54.0.dev62,0.48,0.49959983987187156
557,1.5.3.dev8,0.48,0.49959983987187156
795,3.0.10.dev1525759492,0.48,0.49959983987187156
762,0.0.2.dev202208101759,0.48,0.49959983987187156
764,2.0.6.dev73,0.48,0.49959983987187156
796,1.20.2.dev56,0.48,0.49959983987187156
860,3.0.6.dev1205642235,0.48,0.49959983987187156
611,2.3.7.dev5,0.48,0.49959983987187156
963,1.6.7.dev2,0.48,0.49959983987187156
846,1.1.3.dev1,0.48,0.49959983987187156
652,2.0.6.dev87,0.48,0.49959983987187156
651,1.11.2.dev14,0.48,0.49959983987187156
845,0.1.0.dev174,0.48,0.49959983987187156
948,1.12.1.dev9,0.48,0.49959983987187156
650,2.0.0.dev23,0.48,0.49959983987187156
863,0.8.14.dev49,0.48,0.49959983987187156
512,0.14.1.dev1530660634,0.48,0.49959983987187156
642,2.0.0.dev32,0.48,0.49959983987187156
632,0.2.2.dev181203015448,0.48,0.49959983987187156
521,1.3.3.dev54,0.48,0.49959983987187156
691,1.21.1.dev32,0.48,0.49959983987187156
839,1.20.4.dev28,0.48,0.49959983987187156
523,1.8.10.dev11,0.48,0.49959983987187156
524,2.4.1.dev681282974,0.48,0.49959983987187156
876,4.0.1.dev1638890722,0.48,0.49959983987187156
697,3.0.11.dev1921570287,0.48,0.49959983987187156
486,4.0.0.dev3235987968,0.48,0.49959983987187156
877,0.1.11.dev1,0.48,0.49959983987187156
482,1.6.0.dev1,0.48,0.49959983987187156
829,2.3.2.dev642726845,0.48,0.49959983987187156
706,0.55.0.dev5,0.48,0.49959983987187156
470,0.3.6.dev8,0.48,0.49959983987187156
469,0.0.1.dev2320248668,0.48,0.49959983987187156
625,0.54.0.dev66,0.48,0.49959983987187156
619,1.1.1.dev15,0.48,0.49959983987187156
736,2.0.0.dev2,0.48,0.49959983987187156
568,0.19.0.dev80,0.48,0.49959983987187156
0,1.19.4.dev37,0.48,0.49959983987187156
205,0.7.1.dev3,0.48,0.49959983987187156
361,2.0.6.dev65,0.48,0.49959983987187156
358,1.5.1.dev7,0.48,0.49959983987187156
355,0.27.0.dev5,0.48,0.49959983987187156
351,2.0.1.dev52,0.48,0.49959983987187156
334,0.0.0.dev2,0.48,0.49959983987187156
326,1.8.8.dev29,0.48,0.49959983987187156
286,3.3.2.dev4312804023,0.48,0.49959983987187156
259,0.6.1.dev1661763374,0.48,0.49959983987187156
248,0.0.20220513.dev1,0.48,0.49959983987187156
239,0.1.2.dev0,0.48,0.49959983987187156
212,0.10.5.dev2,0.48,0.49959983987187156
211,1.8.12.dev26,0.48,0.49959983987187156
162,0.6.0.dev201229,0.48,0.49959983987187156
139,3.0.0.dev8,0.48,0.49959983987187156
126,1.3.3.dev24,0.48,0.49959983987187156
112,2.3.1.dev1,0.48,0.49959983987187156
108,1.1.1.dev1588694604,0.48,0.49959983987187156
107,4.0.1.dev9,0.48,0.49959983987187156
92,0.4.1.dev10,0.48,0.49959983987187156
64,0.8.14.dev61,0.48,0.49959983987187156
60,0.1.0.dev202208150912,0.48,0.49959983987187156
56,1.15.2.dev25,0.48,0.49959983987187156
38,1.18.1.dev7,0.48,0.49959983987187156
364,0.4.1.dev1585605506,0.48,0.49959983987187156
379,0.0.1.dev2320168954,0.48,0.49959983987187156
499,1.5.3.dev17,0.48,0.49959983987187156
385,0.18.6.dev1556668687,0.48,0.49959983987187156
432,2.11.0.dev20230321,0.5,0.5
822,0.6.0.dev20230108,0.5,0.5
823,2.10.0.dev20221021,0.5,0.5
110,0.5.0.dev20221120,0.5,0.5
558,2.3.0.dev20201009,0.5,0.5
547,2.5.0.dev20210613,0.5,0.5
97,0.10.0.dev20230611,0.5,0.5
96,2.9.0.dev20220704,0.5,0.5
544,2.4.0.dev20210308,0.5,0.5
859,2.11.0.dev20221219,0.5,0.5
862,0.4.1.dev20220930,0.5,0.5
530,2.14.0.dev20230628,0.5,0.5
80,2.4.0.dev20210513,0.5,0.5
517,2.8.0.dev20220427,0.5,0.5
889,2.2.0.dev20200404,0.5,0.5
341,2.4.0.dev20210115,0.5,0.5
488,2.11.0.dev20221215,0.5,0.5
277,2.9.0.dev20220730,0.5,0.5
128,2.11.0.dev20230225,0.5,0.5
134,2.10.0.dev20221111,0.5,0.5
415,0.8.0.dev20230409,0.5,0.5
672,2.12.0.dev20230513,0.5,0.5
219,0.0.7.dev20210315,0.5,0.5
684,2.2.0.dev20200321,0.5,0.5
230,0.4.1.dev20221008,0.5,0.5
417,2.5.0.dev20211106,0.5,0.5
404,2.11.0.dev20230328,0.5,0.5
242,2.8.0.dev20220304,0.5,0.5
189,2.14.0.dev20230525,0.5,0.5
630,2.7.0.dev20220106,0.5,0.5
622,2.9.0.dev20220831,0.5,0.5
167,2.9.0.dev20220823,0.5,0.5
163,2.9.0.dev20220611,0.5,0.5
256,2.8.0.dev20220322,0.5,0.5
605,2.5.0.dev20210704,0.5,0.5
604,2.13.0.dev20230310,0.5,0.5
777,2.11.0.dev20230312,0.5,0.5
596,2.13.0.dev20230422,0.5,0.5
480,2.7.0.dev20220111,0.5,0.5
932,2.3.0.dev20201213,0.5,0.5
840,2.7.0.dev20211223,0.5,0.5
21,2.14.0.dev20230603,0.5,0.5
13,2.12.0.dev20230331,0.5,0.5
387,2.11.0.dev20230323,0.5,0.5
954,2.7.0.dev20220203,0.5,0.5
375,2.5.0.dev20210802,0.5,0.5
949,2.2.0.dev20200324,0.5,0.5
768,2013.1,0.52,0.49959983987187156
313,20210730.1,0.52,0.49959983987187156
925,2019.11,0.52,0.49959983987187156
532,2019.2,0.52,0.49959983987187156
613,0.157,0.55,0.4974937185533099
88,0.20050612,0.55,0.4974937185533099
168,1.3750,0.55,0.4974937185533099
401,0.968,0.55,0.4974937185533099
738,0.457454791,0.55,0.4974937185533099
272,0.449742367,0.55,0.4974937185533099
573,1.9897,0.55,0.4974937185533099
299,0.474461865,0.55,0.4974937185533099
536,89.0,0.56,0.49638694583963433
298,70.0,0.56,0.49638694583963433
232,39.0,0.56,0.49638694583963433
244,10.16,0.56,0.49638694583963433
363,36.4,0.56,0.49638694583963433
518,10.0,0.56,0.49638694583963433
905,19.6,0.56,0.49638694583963433
913,37.0,0.56,0.49638694583963433
647,75.1,0.56,0.49638694583963433
99,20.10,0.56,0.49638694583963433
755,2.05,0.57,0.49507575177946234
490,1.32,0.57,0.49507575177946234
263,1.94,0.57,0.49507575177946234
969,1.57,0.57,0.49507575177946234
735,4.56,0.57,0.49507575177946234
760,4.34,0.57,0.49507575177946234
962,2.64,0.57,0.49507575177946234
986,0.16,0.57,0.49507575177946234
39,2.14,0.57,0.49507575177946234
105,0.69,0.57,0.49507575177946234
352,1.05,0.57,0.49507575177946234
206,0.32,0.57,0.49507575177946234
445,0.8,0.58,0.4935585071701228
941,1.3,0.58,0.4935585071701228
47,2019.4.8.0,0.66,0.47370877129308087
324,2021.4.30.1,0.66,0.47370877129308087
306,2020.8.19.5,0.66,0.47370877129308087
894,2015.1.1.1,0.66,0.47370877129308087
479,2019.4.22.0,0.66,0.47370877129308087
5,2019.9.27.0,0.66,0.47370877129308087
716,2018.11.30.1,0.66,0.47370877129308087
904,2020.11.14.4,0.66,0.47370877129308087
493,2019.2.26.0,0.66,0.47370877129308087
783,14.0.20220121.0,0.67,0.47021271782034996
928,15.0.20230116.0,0.67,0.47021271782034996
615,12.0.20190510.0,0.67,0.47021271782034996
434,15.0.20221107.0,0.67,0.47021271782034996
269,12.0.20190605.0,0.67,0.47021271782034996
19,11.0.20180829.0,0.67,0.47021271782034996
448,109.0.5414.74,0.68,0.4664761515876237
866,2017.5.9.2002,0.68,0.4664761515876237
125,0.2017.1.13,0.7,0.4582575694955838
70,96.0.4664.35,0.7,0.4582575694955838
737,0.2020.1.20,0.7,0.4582575694955838
151,4.0.0.3,0.71,0.45376205218153687
669,1.3.6.8,0.71,0.45376205218153687
995,0.3.10.3,0.71,0.45376205218153687
113,0.8.2.4,0.71,0.45376205218153687
815,2.11.0.2,0.71,0.45376205218153687
115,4.6.6.4,0.71,0.45376205218153687
226,1.10.2.1,0.71,0.45376205218153687
279,0.0.31.8,0.71,0.45376205218153687
454,0.5.7.7,0.71,0.45376205218153687
654,0.2.8.0,0.71,0.45376205218153687
692,0.2.7.1,0.71,0.45376205218153687
3,1.17.52.0,0.71,0.45376205218153687
275,3.15.0.4,0.71,0.45376205218153687
987,0.0.6.4,0.71,0.45376205218153687
273,0.5.8.2,0.71,0.45376205218153687
209,0.9.84.3,0.71,0.45376205218153687
710,1.12.37.0,0.71,0.45376205218153687
201,2.13.21.2,0.71,0.45376205218153687
983,1.12.17.0,0.71,0.45376205218153687
246,2.3.6.9,0.71,0.45376205218153687
793,1.0.1.8,0.71,0.45376205218153687
7,0.0.4.1,0.71,0.45376205218153687
169,0.3.3.2,0.71,0.45376205218153687
620,1.17.18.0,0.71,0.45376205218153687
752,0.8.0.1469056261,0.71,0.45376205218153687
166,0.2.10.0,0.71,0.45376205218153687
758,1.1.6.2,0.71,0.45376205218153687
158,1.9.1.2,0.71,0.45376205218153687
16,0.9.8.6,0.71,0.45376205218153687
935,0.9.16.4,0.71,0.45376205218153687
282,2.4.9.3,0.71,0.45376205218153687
223,1.3.5.230109,0.71,0.45376205218153687
951,1.17.63.0,0.71,0.45376205218153687
90,0.9.0.1472137761,0.71,0.45376205218153687
525,1.1.4.4,0.71,0.45376205218153687
76,0.0.7.2,0.71,0.45376205218153687
878,0.0.31.4,0.71,0.45376205218153687
71,0.8.0.1469054252,0.71,0.45376205218153687
413,1.14.57.0,0.71,0.45376205218153687
320,0.1.0.8,0.71,0.45376205218153687
892,1.3.0.5,0.71,0.45376205218153687
300,0.3.20.1,0.71,0.45376205218153687
36,1.17.26.0,0.71,0.45376205218153687
893,0.3.17.2,0.71,0.45376205218153687
67,1.23.1.0,0.71,0.45376205218153687
897,4.0.0.1,0.71,0.45376205218153687
907,3.8.1.20230329082451,0.71,0.45376205218153687
100,1.16.59.0,0.71,0.45376205218153687
909,0.9.14.3,0.71,0.45376205218153687
53,0.0.4.0,0.71,0.45376205218153687
923,2.0.0.3,0.71,0.45376205218153687
560,1.16.36.0,0.71,0.45376205218153687
360,1.14.26.0,0.71,0.45376205218153687
41,0.2.2.0,0.71,0.45376205218153687
333,3.15.0.7,0.71,0.45376205218153687
848,1.1.0.3,0.71,0.45376205218153687
446,0.0.30.129,0.72,0.44899888641287283
478,1.21.625.1023,0.72,0.44899888641287283
885,1.21.527.1111,0.72,0.44899888641287283
121,1.21.416.1002,0.72,0.44899888641287283
836,0.0.30.113,0.72,0.44899888641287283
864,0.0.30.35,0.73,0.44395945760846256
245,0.0.31.10,0.73,0.44395945760846256
321,0.1.2.14,0.73,0.44395945760846256
229,0.0.1.14,0.73,0.44395945760846256
500,4.0.30.25,0.73,0.44395945760846256
707,0.1.32.30,0.73,0.44395945760846256
585,0.0.30.66,0.73,0.44395945760846256
473,0.0.30.73,0.73,0.44395945760846256
830,1.0.3.10,0.73,0.44395945760846256
689,0.1.0.11,0.73,0.44395945760846256
252,0.9.9.21,0.73,0.44395945760846256
723,0.7.4.15,0.73,0.44395945760846256
627,4.1.28.25,0.73,0.44395945760846256
704,0.1.32.29,0.73,0.44395945760846256
69,2022.7.1,0.83,0.3756327994198591
362,2021.2.1,0.83,0.3756327994198591
515,2022.6.4,0.83,0.3756327994198591
993,2021.12.3,0.83,0.3756327994198591
554,2018.4.1,0.83,0.3756327994198591
873,2022.1.8,0.83,0.3756327994198591
761,2021.10.4,0.83,0.3756327994198591
903,2022.9.5,0.83,0.3756327994198591
998,2016.11.9,0.83,0.3756327994198591
428,2021.11.6,0.83,0.3756327994198591
271,2020.11.2,0.83,0.3756327994198591
407,2023.6.1,0.83,0.3756327994198591
114,2022.7.3,0.83,0.3756327994198591
339,2016.11.16,0.85,0.3570714214271429
66,2022.4.17,0.85,0.3570714214271429
200,2022.7.27,0.85,0.3570714214271429
118,2019.1.28,0.85,0.3570714214271429
280,2022.6.30,0.85,0.3570714214271429
144,1.2303.2,0.85,0.3570714214271427
922,2021.2.23,0.85,0.3570714214271429
552,2021.6.11,0.85,0.3570714214271429
127,2022.6.15,0.85,0.3570714214271429
12,2021.12.21,0.85,0.3570714214271429
450,2023.4.21,0.85,0.3570714214271429
665,2021.10.11,0.85,0.3570714214271429
801,2022.5.23,0.85,0.3570714214271429
472,2018.11.15,0.85,0.3570714214271429
608,2020.8.19,0.85,0.3570714214271429
676,2022.7.24,0.85,0.3570714214271429
463,0.20180203.0,0.85,0.3570714214271427
376,2021.10.10,0.85,0.3570714214271429
37,2022.0.50,0.85,0.3570714214271429
153,2017.5.12,0.85,0.3570714214271429
842,0.152.0,0.86,0.3469870314579494
143,1.120.0,0.86,0.3469870314579494
314,10.0.20170523,0.88,0.3249615361854386
227,11.0.20180124,0.88,0.3249615361854386
11,19.5.125698,0.88,0.3249615361854386
683,5.58.21262,0.89,0.31288975694324034
926,10.6.4,0.89,0.31288975694324034
838,10.2.9,0.89,0.31288975694324034
703,11.2.7,0.89,0.31288975694324034
202,18.6.0,0.89,0.31288975694324034
901,17.12.0,0.89,0.31288975694324034
722,16.0.2,0.89,0.31288975694324034
68,20.9.1,0.89,0.31288975694324034
40,15.6.0,0.89,0.31288975694324034
130,14.1.2,0.89,0.31288975694324034
132,19.3.0,0.89,0.31288975694324034
161,20.7.0,0.89,0.31288975694324034
767,5.64.21284,0.89,0.31288975694324034
858,21.2.5,0.89,0.31288975694324034
782,15.2.2,0.89,0.31288975694324034
850,0.1.118844,0.89,0.31288975694324034
25,47.3.1,0.89,0.31288975694324034
399,14.3.5,0.89,0.31288975694324034
405,1.0.202305292304,0.89,0.31288975694324034
247,4.1.48891,0.89,0.31288975694324034
381,99.0.2,0.89,0.31288975694324034
592,21.4.0,0.89,0.31288975694324034
522,50.0.1,0.89,0.31288975694324034
572,18.12.6,0.89,0.31288975694324034
587,0.2.520968727,0.89,0.31288975694324034
266,39.0.3,0.89,0.31288975694324034
661,4.1.56994,0.89,0.31288975694324034
643,0.1.202005182115,0.89,0.31288975694324034
261,38.3.0,0.89,0.31288975694324034
484,23.2.0,0.89,0.31288975694324034
291,12.1.3,0.89,0.31288975694324034
253,16.5.4,0.89,0.31288975694324034
624,38.2.0,0.89,0.31288975694324034
539,51.1.0,0.89,0.31288975694324034
872,0.45.7,0.9,0.2999999999999999
81,0.11.3391,0.9,0.2999999999999999
8,0.11.3827,0.9,0.2999999999999999
84,0.66.3,0.9,0.2999999999999999
315,0.11.3342,0.9,0.2999999999999999
85,4.7.1605,0.9,0.2999999999999999
779,0.66.4,0.9,0.2999999999999999
780,0.11.4526,0.9,0.2999999999999999
82,0.11.2007,0.9,0.2999999999999999
600,0.11.1954,0.9,0.2999999999999999
960,0.11.2786,0.9,0.2999999999999999
373,3.11.7,0.9,0.2999999999999999
514,0.11.3697,0.9,0.2999999999999999
834,0.11.4869,0.9,0.2999999999999999
255,0.47.4,0.9,0.2999999999999999
886,0.10.918,0.9,0.2999999999999999
319,0.11.1714,0.9,0.2999999999999999
617,0.11.4587,0.9,0.2999999999999999
29,2.18.5,0.9,0.2999999999999999
612,0.11.4008,0.9,0.2999999999999999
75,2.36.2,0.9,0.2999999999999999
318,0.10.1423,0.9,0.2999999999999999
609,0.11.2406,0.9,0.2999999999999999
159,0.71.8,0.9,0.2999999999999999
607,1.54.2,0.9,0.2999999999999999
157,0.11.1991,0.9,0.2999999999999999
603,2.13.3,0.9,0.2999999999999999
78,0.69.0,0.9,0.2999999999999999
456,0.11.2328,0.9,0.2999999999999999
535,0.10.1088,0.9,0.2999999999999999
786,0.34.5,0.9,0.2999999999999999
290,0.11.5326,0.9,0.2999999999999999
831,3.12.3,0.9,0.2999999999999999
288,0.11.2412,0.9,0.2999999999999999
968,0.10.1103,0.9,0.2999999999999999
828,0.11.4390,0.9,0.2999999999999999
841,0.66.8,0.9,0.2999999999999999
563,0.11.1555,0.9,0.2999999999999999
565,0.40.3,0.9,0.2999999999999999
546,1.20.4,0.9,0.2999999999999999
303,4.18.0,0.9,0.2999999999999999
821,0.11.3959,0.9,0.2999999999999999
967,0.10.328,0.9,0.2999999999999999
15,0.44.4,0.9,0.2999999999999999
284,0.11.3052,0.9,0.2999999999999999
533,1.23.7,0.9,0.2999999999999999
817,0.11.4137,0.9,0.2999999999999999
382,0.51.5,0.9,0.2999999999999999
442,1.14.9,0.9,0.2999999999999999
577,0.11.1675,0.9,0.2999999999999999
122,1.16.3,0.9,0.2999999999999999
276,1.10.0001,0.9,0.2999999999999999
368,0.28.0,0.9,0.2999999999999999
582,0.11.3242,0.9,0.2999999999999999
803,0.11.2716,0.9,0.2999999999999999
853,0.11.2409,0.9,0.2999999999999999
133,0.10.1061,0.9,0.2999999999999999
138,0.50.6,0.9,0.2999999999999999
791,0.11.1546,0.9,0.2999999999999999
87,4.7.1599,0.9,0.2999999999999999
861,0.79.3,0.9,0.2999999999999999
281,0.11.4604,0.9,0.2999999999999999
513,0.99.5,0.9,0.2999999999999999
519,0.11.2167,0.9,0.2999999999999999
325,0.11.4073,0.9,0.2999999999999999
994,0.12.9,0.9,0.2999999999999999
461,0.10.1112,0.9,0.2999999999999999
921,0.11.5001,0.9,0.2999999999999999
208,0.11.2124,0.9,0.2999999999999999
50,0.48.5,0.9,0.2999999999999999
207,2.18.9,0.9,0.2999999999999999
924,0.11.2814,0.9,0.2999999999999999
701,0.11.3718,0.9,0.2999999999999999
237,0.11.2712,0.9,0.2999999999999999
890,2.0.2997,0.9,0.2999999999999999
203,1.39.0,0.9,0.2999999999999999
397,3.34.3,0.9,0.2999999999999999
31,1.25.2,0.9,0.2999999999999999
641,2.40.5,0.9,0.2999999999999999
236,1.13.6,0.9,0.2999999999999999
241,0.11.3374,0.9,0.2999999999999999
398,0.10.1223,0.9,0.2999999999999999
388,2.35.5,0.9,0.2999999999999999
365,0.11.2411,0.9,0.2999999999999999
471,1.37.5,0.9,0.2999999999999999
997,6.48.0,0.9,0.2999999999999999
474,0.11.4939,0.9,0.2999999999999999
475,3.12.1,0.9,0.2999999999999999
677,0.11.3437,0.9,0.2999999999999999
433,0.11.3549,0.9,0.2999999999999999
678,0.11.4699,0.9,0.2999999999999999
930,0.10.1122,0.9,0.2999999999999999
215,2.0.2998,0.9,0.2999999999999999
659,0.11.3523,0.9,0.2999999999999999
359,0.10.1370,0.9,0.2999999999999999
686,0.10.418,0.9,0.2999999999999999
687,3.18.2,0.9,0.2999999999999999
44,0.11.2247,0.9,0.2999999999999999
712,2.35.3,0.9,0.2999999999999999
238,0.85.4,0.9,0.2999999999999999
103,1.29.108,0.9,0.2999999999999999
182,0.11.3888,0.9,0.2999999999999999
731,9.38.1,0.9,0.2999999999999999
729,1.64.3,0.9,0.2999999999999999
425,0.11.4387,0.9,0.2999999999999999
187,0.11.3548,0.9,0.2999999999999999
348,0.11.1547,0.9,0.2999999999999999
65,1.19.7,0.9,0.2999999999999999
502,1.80.0,0.9,0.2999999999999999
191,0.21.0,0.9,0.2999999999999999
181,0.10.777,0.9,0.2999999999999999
338,0.11.3227,0.9,0.2999999999999999
345,0.10.1162,0.9,0.2999999999999999
958,1.48.1,0.9,0.2999999999999999
910,0.11.1712,0.9,0.2999999999999999
59,1.24.4,0.9,0.2999999999999999
720,0.10.1019,0.9,0.2999999999999999
742,0.11.4745,0.9,0.2999999999999999
193,1.22.9,0.9,0.2999999999999999
743,0.93.5,0.9,0.2999999999999999
459,1.63.0,0.9,0.2999999999999999
992,0.71.9,0.9,0.2999999999999999
940,2.0.123,0.91,0.28618176042508353
74,0.0.693,0.91,0.28618176042508353
369,0.1.435,0.91,0.28618176042508353
424,1.1.114,0.91,0.28618176042508353
33,0.3.161,0.91,0.28618176042508353
501,10.3.14,0.91,0.2861817604250835
330,4.7.3,0.91,0.28618176042508353
929,2.0.111,0.91,0.28618176042508353
548,3.0.380,0.91,0.28618176042508353
881,3.0.340,0.91,0.28618176042508353
899,12.8.13,0.91,0.2861817604250835
310,8.3.1,0.91,0.28618176042508353
347,3.0.722,0.91,0.28618176042508353
86,16.3.17,0.91,0.2861817604250835
350,16.0.14,0.91,0.2861817604250835
953,3.0.588,0.91,0.28618176042508353
460,0.0.250,0.91,0.28618176042508353
537,3.0.2,0.91,0.28618176042508353
857,12.2.29,0.91,0.2861817604250835
538,5.6.3,0.91,0.28618176042508353
20,0.0.829,0.91,0.28618176042508353
349,8.0.0,0.91,0.28618176042508353
52,3.1.1,0.91,0.28618176042508353
30,14.3.18,0.91,0.2861817604250835
541,0.0.760,0.91,0.28618176042508353
370,0.0.328,0.91,0.28618176042508353
956,12.1.66,0.91,0.2861817604250835
305,0.0.783,0.91,0.28618176042508353
304,0.0.232,0.91,0.28618176042508353
854,0.0.490,0.91,0.28618176042508353
485,0.1.261,0.91,0.28618176042508353
715,0.0.475,0.91,0.28618176042508353
667,6.6.0,0.91,0.28618176042508353
196,22.3.11,0.91,0.2861817604250835
633,3.0.682,0.91,0.28618176042508353
631,0.0.305,0.91,0.28618176042508353
730,0.0.184,0.91,0.28618176042508353
734,1.1.157,0.91,0.28618176042508353
420,14.2.16,0.91,0.2861817604250835
989,0.0.625,0.91,0.28618176042508353
714,0.0.276,0.91,0.28618176042508353
628,0.8.125,0.91,0.28618176042508353
177,3.0.843,0.91,0.28618176042508353
170,6.2.3,0.91,0.28618176042508353
289,3.0.408,0.91,0.28618176042508353
985,0.0.318,0.91,0.28618176042508353
984,1.0.222,0.91,0.28618176042508353
258,5.1.6,0.91,0.28618176042508353
416,3.0.847,0.91,0.28618176042508353
437,3.4.8,0.91,0.28618176042508353
606,3.0.687,0.91,0.28618176042508353
243,3.0.893,0.91,0.28618176042508353
705,0.0.541,0.91,0.28618176042508353
670,0.4.168,0.91,0.28618176042508353
220,3.0.420,0.91,0.28618176042508353
663,10.6.16,0.91,0.2861817604250835
218,0.0.132,0.91,0.28618176042508353
679,0.1.115,0.91,0.28618176042508353
680,5.1.3,0.91,0.28618176042508353
216,2.0.131,0.91,0.28618176042508353
709,22.9.17,0.91,0.2861817604250835
660,7.1.1,0.91,0.28618176042508353
688,2.0.236,0.91,0.28618176042508353
690,0.9.107,0.91,0.28618176042508353
653,0.1.241,0.91,0.28618176042508353
210,7.0.7,0.91,0.28618176042508353
233,0.0.105,0.91,0.28618176042508353
384,3.0.330,0.91,0.28618176042508353
234,0.1.290,0.91,0.28618176042508353
996,0.0.390,0.91,0.28618176042508353
155,3.0.586,0.91,0.28618176042508353
943,8.5.1,0.91,0.28618176042508353
816,3.0.338,0.91,0.28618176042508353
441,1.0.249,0.91,0.28618176042508353
981,1.1.280,0.91,0.28618176042508353
799,3.9.6,0.91,0.28618176042508353
586,0.9.8,0.91,0.28618176042508353
141,10.6.33,0.91,0.2861817604250835
594,0.0.462,0.91,0.28618176042508353
583,2.0.279,0.91,0.28618176042508353
262,0.1.303,0.91,0.28618176042508353
977,3.0.609,0.91,0.28618176042508353
781,3.0.464,0.91,0.28618176042508353
145,0.0.150,0.91,0.28618176042508353
808,4.8.5,0.91,0.28618176042508353
136,0.1.138,0.91,0.28618176042508353
380,4.2.9,0.91,0.28618176042508353
792,0.2.109,0.91,0.28618176042508353
776,8.1.2,0.91,0.28618176042508353
378,1.0.0,0.91,0.28618176042508353
564,0.0.502,0.91,0.28618176042508353
772,0.0.431,0.91,0.28618176042508353
394,1.3.100,0.91,0.28618176042508353
400,3.0.910,0.91,0.28618176042508353
104,0.0.185,0.91,0.28618176042508353
440,1.38.16,0.92,0.27129319932501084
465,1.12.69,0.92,0.27129319932501084
224,0.10.89,0.92,0.27129319932501084
950,0.11.12,0.92,0.27129319932501084
297,0.02.06,0.92,0.27129319932501084
95,0.10.55,0.92,0.27129319932501084
455,1.12.42,0.92,0.27129319932501084
693,0.33.19,0.92,0.27129319932501084
849,1.63.10,0.92,0.27129319932501084
42,1.19.10,0.92,0.27129319932501084
675,1.24.11,0.92,0.27129319932501084
466,0.18.21,0.92,0.27129319932501084
602,0.13.31,0.92,0.27129319932501084
746,0.33.23,0.92,0.27129319932501084
194,3.16.15,0.92,0.27129319932501084
759,0.25.31,0.92,0.27129319932501084
614,1.18.33,0.92,0.27129319932501084
757,0.24.45,0.92,0.27129319932501084
883,4.25.89,0.92,0.27129319932501084
616,1.12.23,0.92,0.27129319932501084
618,1.12.17,0.92,0.27129319932501084
254,1.13.13,0.92,0.27129319932501084
147,0.27.11,0.92,0.27129319932501084
634,1.22.13,0.92,0.27129319932501084
175,0.15.63,0.92,0.27129319932501084
508,1.29.97,0.92,0.27129319932501084
438,0.15.88,0.92,0.27129319932501084
504,0.24.52,0.92,0.27129319932501084
770,4.26.22,0.92,0.27129319932501084
789,0.10.60,0.92,0.27129319932501084
728,0.26.14,0.92,0.27129319932501084
957,2.11.11,0.92,0.27129319932501084
264,0.18.18,0.92,0.27129319932501084
309,1.29.43,0.92,0.27129319932501084
900,1.21.10,0.92,0.27129319932501084
24,2.2.27,0.93,0.25514701644346155
4,1.4.87,0.93,0.25514701644346155
383,1.4.25,0.93,0.25514701644346155
436,0.3.39,0.93,0.25514701644346155
17,3.1.44,0.93,0.25514701644346155
988,3.2.10,0.93,0.25514701644346155
965,0.5.36,0.93,0.25514701644346155
947,0.1.79,0.93,0.25514701644346155
2,0.0.32,0.93,0.25514701644346155
222,1.1.45,0.93,0.25514701644346155
403,0.6.78,0.93,0.25514701644346155
814,0.3.51,0.93,0.25514701644346155
278,0.7.16,0.93,0.25514701644346155
120,2.4.16,0.93,0.25514701644346155
807,0.8.72,0.93,0.25514701644346155
414,0.4.30,0.93,0.25514701644346155
588,0.2.75,0.93,0.25514701644346155
589,1.8.77,0.93,0.25514701644346155
788,1.5.49,0.93,0.25514701644346155
774,0.6.26,0.93,0.25514701644346155
165,2.0.37,0.93,0.25514701644346155
750,0.5.70,0.93,0.25514701644346155
285,0.7.27,0.93,0.25514701644346155
747,0.2.13,0.93,0.25514701644346155
739,1.7.90,0.93,0.25514701644346155
250,3.0.45,0.93,0.25514701644346155
180,0.7.10,0.93,0.25514701644346155
726,2.0.96,0.93,0.25514701644346155
192,3.6.10,0.93,0.25514701644346155
431,2.5.35,0.93,0.25514701644346155
698,4.0.16,0.93,0.25514701644346155
231,1.7.98,0.93,0.25514701644346155
656,0.0.46,0.93,0.25514701644346155
685,0.1.71,0.93,0.25514701644346155
225,0.2.78,0.93,0.25514701644346155
174,1.0.44,0.93,0.25514701644346155
944,2.2.36,0.93,0.25514701644346155
820,1.7.87,0.93,0.25514701644346155
393,2.4.40,0.93,0.25514701644346155
939,1.8.16,0.93,0.25514701644346155
43,3.0.89,0.93,0.25514701644346155
476,0.0.48,0.93,0.25514701644346155
357,0.5.44,0.93,0.25514701644346155
49,0.9.91,0.93,0.25514701644346155
389,2.4.18,0.93,0.25514701644346155
55,2.6.24,0.93,0.25514701644346155
408,2.2.40,0.93,0.25514701644346155
61,1.5.71,0.93,0.25514701644346155
62,2.5.33,0.93,0.25514701644346155
409,0.9.24,0.93,0.25514701644346155
567,1.1.85,0.93,0.25514701644346155
895,3.0.10,0.93,0.25514701644346155
73,2.2.26,0.93,0.25514701644346155
316,0.6.54,0.93,0.25514701644346155
77,0.6.57,0.93,0.25514701644346155
875,1.1.80,0.93,0.25514701644346155
528,1.0.10,0.93,0.25514701644346155
865,1.5.42,0.93,0.25514701644346155
856,1.1.69,0.93,0.25514701644346155
847,2.1.10,0.93,0.25514701644346155
93,1.1.39,0.93,0.25514701644346155
549,1.4.19,0.93,0.25514701644346155
287,2.4.33,0.93,0.25514701644346155
391,1.1.81,0.93,0.25514701644346155
833,1.6.79,0.93,0.25514701644346155
